{
    "intrinsics": {
        "camera_matrix": [
            [
                435.75600787289994,
                0.0,
                423.5139606211078
            ],
            [
                0.0,
                435.6741418717883,
                243.52287948995928
            ],
            [
                0.0,
                0.0,
                1.0
            ]
        ],
        "dist_coeffs": [
            -0.061438834574162444,
            0.11244487882386699,
            -0.0008922372006081498,
            0.0010226929723920338,
            -0.09769331639799333
        ]
    },
    "methods": {
        "Tsai": {
            "R": [
                [
                    -0.0102958123131347,
                    -0.2912055658735627,
                    0.9566050985924499
                ],
                [
                    -0.9997263095008299,
                    -0.01710002749038253,
                    -0.015965436156869628
                ],
                [
                    0.021007197353850537,
                    -0.956507661999676,
                    -0.2909498070032872
                ]
            ],
            "T": [
                -0.1940400597219224,
                0.010299999267997,
                0.1093866888994626
            ]
        },
        "Park": {
            "R": [
                [
                    -0.0061155872005371065,
                    -0.3026574525988537,
                    0.9530797794411356
                ],
                [
                    -0.9999541943358483,
                    -0.005166556292034774,
                    -0.008057042027019401
                ],
                [
                    0.0073626641466627285,
                    -0.9530853965319441,
                    -0.30261199264769734
                ]
            ],
            "T": [
                -0.1932285805084285,
                0.010310498988363843,
                0.10957186401310523
            ]
        },
        "Horaud": {
            "R": [
                [
                    -0.006092615385294875,
                    -0.3027725149342249,
                    0.9530433800400533
                ],
                [
                    -0.999954699443327,
                    -0.005125146873484365,
                    -0.008020718841149077
                ],
                [
                    0.007312940514623167,
                    -0.9530490737994176,
                    -0.30272757362205927
                ]
            ],
            "T": [
                -0.1932219485813188,
                0.010310356659821916,
                0.1095743344596426
            ]
        },
        "Andreff": {
            "R": [
                [
                    -0.0057753636606698855,
                    -0.3029279005334501,
                    0.9529959770392439
                ],
                [
                    -0.9999644534586176,
                    -0.004104976866842691,
                    -0.007364847868805424
                ],
                [
                    0.006143044342585835,
                    -0.9530046360030566,
                    -0.3028934247600732
                ]
            ],
            "T": [
                -0.1393078216590647,
                0.013396252278258927,
                0.09500149467797792
            ]
        },
        "Daniilidis": {
            "R": [
                [
                    -0.010126323902946155,
                    -0.29186549233784626,
                    0.9564057674160062
                ],
                [
                    -0.9997171191235024,
                    -0.01762961353702691,
                    -0.015964913339583886
                ],
                [
                    0.021520671356116294,
                    -0.956296884397791,
                    -0.2916044059945948
                ]
            ],
            "T": [
                -0.19921009288308641,
                0.010137008937678882,
                0.10966985031648757
            ]
        }
    }
}