{
  "intrinsics": {
    "camera_matrix": [
      [435.75600787, 0.0, 423.51396062],
      [0.0, 435.67414187, 243.52287949],
      [0.0, 0.0, 1.0]
    ],
    "dist_coeffs": [-0.06143883, 0.11244488, -0.00089224, 0.00102269, -0.09769332]
  },
  "methods": {
    "Tsai": {
      "R": [[-0.01029581, -0.29120557, 0.9566051], [-0.99972631, -0.01710003, -0.01596544], [0.0210072, -0.95650766, -0.29094981]],
      "T": [-0.19404006, 0.0103, 0.10938669]
    },
    "Park": {
      "R": [[-0.00611559, -0.30265745, 0.95307978], [-0.99995419, -0.00516656, -0.00805704], [0.00736266, -0.9530854, -0.30261199]],
      "T": [-0.19322858, 0.0103105, 0.10957186]
    },
    "Horaud": {
      "R": [[-0.00609262, -0.30277251, 0.95304338], [-0.9999547, -0.00512515, -0.00802072], [0.00731294, -0.95304907, -0.30272757]],
      "T": [-0.19322195, 0.01031036, 0.10957433]
    },
    "Daniilidis": {
      "R": [[-0.01012632, -0.29186549, 0.95640577], [-0.99971712, -0.01762961, -0.01596491], [0.02152067, -0.95629688, -0.29160441]],
      "T": [-0.19921009, 0.01013701, 0.10966985]
    }
  }
}